idcivil;nombre;idorganizacion
0;Adelice THOMPSON    ;
1;Aeriela HENRY       ;
2;Addia FRAZIER       ;11
3;Adriena MARTIN      ;
4;Alis TUCKER         ;
5;Alleen HOWARD       ;
6;Alexandra HARPER    ;
7;Ailee STEELE        ;210
8;Andrei HICKS        ;
9;Adela GEORGE        ;
10;Alie WEBER          ;
11;Andee LYNCH         ;
12;Aloise TERRY        ;
13;Allx JENSEN         ;
14;Alicia WHEELER      ;
15;Aggie FERGUSON      ;
16;Alecia BALL         ;
17;Alyce NORRIS        ;
18;Anabal BARRETT      ;
19;Anastasia MORRISON  ;
20;Amelie COLE         ;77
21;Anna-Diana MCDONALD ;
22;Allsun CHAMBERS     ;
23;Alix HARRIS         ;
24;Alisa MCCOY         ;
25;Adeline MEYER       ;
26;Adelina HENRY       ;
27;Alanah SCHULTZ      ;
28;Amy JORDAN          ;
29;Andeee GRIFFITH     ;
30;Aggie GUZMAN        ;
31;Alyce HOFFMAN       ;
32;Anna THOMPSON       ;
33;Anna-Maria HARPER   ;
34;Alayne HINES        ;
35;Anabal CRAIG        ;
36;Alejandra MORGAN    ;
37;Adrea MURPHY        ;
38;Andria HAWKINS      ;
39;Alena ROSS          ;
40;Adriana DUNN        ;
41;Amalea WOLFE        ;226
42;Ami HALL            ;
43;Amil REYNOLDS       ;
44;Adeline ALVAREZ     ;
45;Ambur GIBSON        ;
46;Anissa EDWARDS      ;
47;Alejandrina MCKINNEY;
48;Amara BURTON        ;
49;Ada MUNOZ           ;
50;Andy BYRD           ;
51;Ann GARDNER         ;
52;Alexine HANSEN      ;185
53;Anastasia WARREN    ;
54;Adria COLLINS       ;
55;Adorne CASTRO       ;186
56;Angelique RICHARDSON;
57;Aindrea BALDWIN     ;
58;Alane CRUZ          ;
59;Alaine LYNCH        ;
60;Anitra WOODS        ;156
61;Agace MONTGOMERY    ;
62;Angelika GARRETT    ;226
63;Abbi CHAVEZ         ;
64;Andriana HUNTER     ;
65;Ally HUNT           ;
66;Agatha JORDAN       ;6
67;Alyson JOHNSTON     ;195
68;Adrienne CURTIS     ;
69;Adeline PARKS       ;
70;Aila STEELE         ;
71;Agnola WATSON       ;210
72;Analiese BRYANT     ;
73;Angelica CHANDLER   ;
74;Aindrea FERNANDEZ   ;85
75;Adelaida TURNER     ;
76;Alisun BURNS        ;
77;Ainsley ROSE        ;
78;Ame MENDOZA         ;
79;Allianora HERNANDEZ ;15
80;Allene CARTER       ;
81;Alexis NGUYEN       ;110
82;Alison SCHNEIDER    ;
83;Alicia SANCHEZ      ;
84;Andrei WATKINS      ;
85;Aggi KIM            ;
86;Annadiane NEAL      ;
87;Amity BURKE         ;171
88;Adorne RODRIQUEZ    ;180
89;Aggy MCCOY          ;
90;Alfie ROMERO        ;
91;Agneta WILLIAMS     ;
92;Alina HUNTER        ;
93;Anna POWELL         ;
94;Adel LAMBERT        ;95
95;Aigneis GRIFFITH    ;
96;Aimil HALL          ;
97;Abagael GOMEZ       ;57
98;Aleda DANIELS       ;
99;Amalie JONES        ;132
100;Adda GOMEZ          ;
101;Andrea MARTINEZ     ;
102;Alanah HOPKINS      ;
103;Adela SULLIVAN      ;103
104;Aime STONE          ;
105;Alica WEBER         ;
106;Amalea MARSHALL     ;
107;Anjela POWELL       ;
108;Albertine BRYANT    ;
109;Althea GEORGE       ;31
110;Amaleta GREGORY     ;
111;Ainslie TORRES      ;
112;Allx CAMPBELL       ;
113;Alfie TUCKER        ;
114;Annabal WADE        ;
115;Aarika MATTHEWS     ;
116;Annadiane FRANKLIN  ;
117;Adiana BARBER       ;81
118;Alfreda JENNINGS    ;
119;Adey NGUYEN         ;
120;Amity CARR          ;89
121;Agathe FULLER       ;
122;Alisa PARKER        ;
123;Almeda THOMAS       ;
124;Abigael MEYER       ;
125;Amandie DAWSON      ;
126;Anastassia TAYLOR   ;
127;Alyse ELLIS         ;
128;Ameline ANDREWS     ;51
129;Alyss POWELL        ;
130;Agnola RAMOS        ;
131;Amalee PERRY        ;
132;Adel BARBER         ;
133;Abra WHEELER        ;
134;Alysia SOTO         ;191
135;Anallese VAUGHN     ;
136;Alisa GRANT         ;
137;Alicea PEARSON      ;
138;Adore WARD          ;
139;Alyson RIVERA       ;
140;Adelind WASHINGTON  ;
141;Alis LYNCH          ;
142;Ainsley WELCH       ;
143;Abra PENA           ;
144;Andee HILL          ;
145;Aeriel BELL         ;
146;Alexa FOX           ;
147;Anetta MENDEZ       ;
148;Alexandrina DAY     ;
149;Adi TERRY           ;
150;Anderea CALDWELL    ;
151;Alla GARCIA         ;
152;Aila BISHOP         ;
153;Annabell SHAW       ;
154;Allissa FRANKLIN    ;91
155;Anet HALL           ;
156;Alexa MEYER         ;115
157;Addy BAILEY         ;201
158;Andy CRAWFORD       ;
159;Adoree COLEMAN      ;
160;Adela WILLIS        ;
161;Ailyn LITTLE        ;
162;Abbie CURTIS        ;
163;Angelique LEWIS     ;
164;Adele GREGORY       ;
165;Angelica RILEY      ;
166;Alicia PEARSON      ;70
167;Angelique HUDSON    ;
168;Alejandra COLEMAN   ;
169;Aila HALE           ;
170;Ailis HALE          ;
171;Adan COOPER         ;
172;Amata HARDY         ;
173;Abra WARREN         ;
174;Anabel EDWARDS      ;
175;Ainslie ANDREWS     ;
176;Adoree BRADLEY      ;54
177;Andreana BOYD       ;
178;Andie BUSH          ;
179;Angel LEONARD       ;
180;Aggi LOWE           ;
181;Adrienne STANLEY    ;
182;Alie FLETCHER       ;
183;Aggy KING           ;
184;Angelika NGUYEN     ;107
185;Alecia WEBB         ;
186;Adria POWELL        ;
187;Amara FLEMING       ;
188;Alicia MARTIN       ;
189;Alika THOMPSON      ;
190;Amii WILLIAMS       ;192
191;Amelina WALKER      ;
192;Angela VASQUEZ      ;
193;Amelie FRAZIER      ;
194;Angele HART         ;
195;Adrianne HUNTER     ;
196;Angel THOMAS        ;
197;Alfi COOPER         ;
198;Anastasia GILBERT   ;
199;Andree BECK         ;
200;Allison BELL        ;
201;Amandie COOPER      ;
202;Anna-Diana HARRIS   ;91
203;Annabella LEWIS     ;
204;Amara BARBER        ;
205;Alia CHAVEZ         ;90
206;Anastasie MENDEZ    ;172
207;Allix WHITE         ;
208;Abigail VARGAS      ;81
209;Ailee GRIFFIN       ;
210;Andria HAYNES       ;
211;Agatha BANKS        ;
212;Aaren HORTON        ;12
213;Amberly MILLER      ;
214;Alexandrina KIM     ;
215;Ailee HORTON        ;
216;Ailis BURNS         ;
217;Annabell CRUZ       ;
218;Alyss CRAWFORD      ;
219;Alix HART           ;
220;Ailsun PAYNE        ;202
221;Aggi WALTERS        ;
222;Adria LEONARD       ;
223;Alecia MENDOZA      ;163
224;Alika GARCIA        ;
225;Agnesse JORDAN      ;
226;Alica MARSHALL      ;
227;Ajay WILSON         ;
228;Adda FRANKLIN       ;
229;Angelle LUCAS       ;
230;Angelina MITCHELL   ;
231;Anestassia FLEMING  ;144
232;Andree ANDREWS      ;
233;Anastasia HICKS     ;
234;Allyson STEELE      ;
235;Allis HUDSON        ;37
236;Angelia HAYES       ;
237;Alta HUNTER         ;
238;Adora WHITE         ;
239;Adriana FLEMING     ;
240;Adan ROSS           ;
241;Aileen LAMBERT      ;
242;Alex PHILLIPS       ;
243;Analise FLEMING     ;
244;Alvina GILBERT      ;
245;Ali MARTIN          ;
246;Almire GRAVES       ;92
247;Ange GREGORY        ;
248;Alexi SNYDER        ;111
249;Ailee COOK          ;
250;Abbey MENDEZ        ;
251;Anastasia SHARP     ;
252;Ailey MCDONALD      ;
253;Adele GRAVES        ;
254;Alvira POWELL       ;
255;Anet HARDY          ;
256;Andreana LYONS      ;
257;Amalea CHAMBERS     ;204
258;Angie LARSON        ;
259;Aile REYES          ;
260;Adina HERRERA       ;
261;Ailyn BLACK         ;
262;Alika ANDERSON      ;167
263;Alethea HALL        ;
264;Allegra JORDAN      ;
265;Adan DEAN           ;
266;Ambur CLARK         ;
267;Addy RUSSELL        ;
268;Almeda PARKS        ;
269;Ally PENA           ;89
270;Anabelle LAWSON     ;
271;Andromache COOK     ;
272;Andi ROSE           ;
273;Alex MARSHALL       ;24
274;Anabal GIBSON       ;
275;Amalee RAMOS        ;
276;Adelle EVANS        ;
277;Amandi CAMPBELL     ;
278;Adrea MARSHALL      ;
279;Alyce SCHULTZ       ;
280;Anna-Maria HALL     ;
281;Aila HARRISON       ;154
282;Aeriela ROBERTS     ;
283;Albertina WALSH     ;
284;Aileen CALDWELL     ;
285;Anabel ALEXANDER    ;
286;Anette GONZALEZ     ;72
287;Ania FORD           ;
288;Alyson NELSON       ;
289;Ailsun FRAZIER      ;
290;Alida WEAVER        ;
291;Ailis ROBERTSON     ;
292;Alissa MILES        ;214
293;Amity FREEMAN       ;
294;Alvinia MENDEZ      ;
295;Alfreda HOFFMAN     ;
296;Alie MARTINEZ       ;
297;Alena RICHARDS      ;46
298;Ana RODRIGUEZ       ;
299;Aleen HAYNES        ;
300;Amalita LEE         ;
301;Almira BLACK        ;
302;Alethea POWERS      ;
303;Allison KING        ;169
304;Andree BANKS        ;
305;Agneta NEWMAN       ;
306;Alena SHARP         ;
307;Aida HOWARD         ;
308;Adrianne FLETCHER   ;
309;Alexandrina ROSE    ;
310;Ami FRANKLIN        ;198
311;Agathe MORRIS       ;
312;Angelle NICHOLS     ;
313;Amalle STEWART      ;
314;Alice EVANS         ;
315;Angeline ARNOLD     ;
316;Aggy WADE           ;62
317;Aigneis SANDERS     ;
318;Angelica YOUNG      ;
319;Amaleta WARREN      ;
320;Abagael RUSSELL     ;
321;Allina FERGUSON     ;
322;Aida MILLS          ;175
323;Alikee HAMILTON     ;
324;Alma WATKINS        ;
325;Adriena RAMOS       ;
326;Alice RICHARDS      ;
327;Amberly SNYDER      ;
328;Alvira THOMAS       ;29
329;Anatola PAYNE       ;
330;Amy BREWER          ;
331;Adella SILVA        ;
332;Ailyn MURPHY        ;
333;Aloise WILSON       ;
334;Ailina LONG         ;
335;Allis BARRETT       ;
336;Anabal REYES        ;
337;Angelika STEELE     ;
338;Alida FIELDS        ;
339;Annabella PAYNE     ;
340;Alberta RAMSEY      ;
341;Adel HAYNES         ;
342;Amity RUIZ          ;
343;Alida HUGHES        ;
344;Allina ROBINSON     ;183
345;Aggy HART           ;68
346;Angelica BELL       ;9
347;Agretha OBRIEN      ;202
348;Almeria SANCHEZ     ;
349;Adina GREEN         ;
350;Ali BURNS           ;
351;Adara SCHMIDT       ;
352;Aeriela FULLER      ;126
353;Aigneis BURKE       ;
354;Amanda WARD         ;198
355;Annabell HAMILTON   ;
356;Alvina LANE         ;
357;Agna ELLIOTT        ;
358;Addie COLE          ;
359;Aida RODRIGUEZ      ;
360;Amalia GRAHAM       ;
361;Alvera LEONARD      ;
362;Adena WARD          ;
363;Adriana ARNOLD      ;
364;Agnes JENKINS       ;125
365;Alyssa GARRETT      ;
366;Alia LANE           ;
367;Annadiana GREGORY   ;
368;Ailey ALLEN         ;
369;Alfie WILSON        ;
370;Allis MORALES       ;
371;Adel MARTINEZ       ;
372;Aaren LONG          ;
373;Alie WHITE          ;
374;Aloise RAMOS        ;123
375;Andrea BOWMAN       ;
376;Amalita SHARP       ;
377;Alix REED           ;2
378;Ann-Marie HILL      ;
379;Almira CAMPBELL     ;
380;Anastasie CAMPBELL  ;
381;Agna AUSTIN         ;
382;Allene STEVENS      ;
383;Amber FERGUSON      ;169
384;Aile OBRIEN         ;40
385;Aindrea MURRAY      ;
386;Alicia LAWSON       ;
387;Alexia BROOKS       ;
388;Alfy HOLMES         ;
389;Anallise HART       ;
390;Almeria GRIFFITH    ;
391;Amanda BERRY        ;157
392;Amargo ALLEN        ;
393;Alene BALL          ;200
394;Ania BARNES         ;
395;Adriena DUNCAN      ;86
396;Angie HOLMES        ;128
397;Adella WEST         ;
398;Abigale LARSON      ;
399;Alexa JORDAN        ;
400;Allys TURNER        ;
401;Aloise SHELTON      ;
402;Angelica CASTRO     ;
403;Agretha JIMENEZ     ;178
404;Ailyn HERRERA       ;
405;Aleta WADE          ;115
406;Aliza JACOBS        ;
407;Agnesse PARKER      ;
408;Andeee STANLEY      ;225
409;Ange WARREN         ;
410;Almeria JACOBS      ;115
411;Anica SCHMIDT       ;218
412;Ann STEPHENS        ;
413;Alethea HOWARD      ;22
414;Alecia DUNCAN       ;
415;Angil ROBERTSON     ;
416;Angeline MEDINA     ;48
417;Adriane HORTON      ;139
418;Almira HOLMES       ;
419;Anderea CHAMBERS    ;
420;Alexandra COOK      ;
421;Alli RICE           ;
422;Alma BATES          ;
423;Amity WILLIAMSON    ;
424;Alison WEBER        ;
425;Allene BELL         ;
426;Annabelle CARROLL   ;228
427;Angeline MITCHELL   ;
428;Allyce WEAVER       ;
429;Almeria ANDREWS     ;
430;Alina GEORGE        ;
431;Ailey PEARSON       ;
432;Ana MCDONALD        ;
433;Angelita GONZALES   ;
434;Adelheid ORTIZ      ;
435;Angil FOWLER        ;
436;Adele KELLEY        ;
437;Aile MILLER         ;
438;Agretha HUNT        ;6
439;Angelina MILLER     ;
440;Anissa REYES        ;
441;Aili MORRISON       ;
442;Amberly CHAMBERS    ;
443;Alfreda SANTIAGO    ;
444;Alanah FERGUSON     ;
445;Alie ROBERTSON      ;
446;Adria GRANT         ;
447;Agnesse SMITH       ;
448;Aindrea STANLEY     ;
449;Allis CRAWFORD      ;
450;Alexine GRIFFITH    ;
451;Amelie STEWART      ;
452;Alena WATKINS       ;
453;Aindrea FLETCHER    ;
454;Adelaida BATES      ;
455;Amabel SPENCER      ;
456;Angelina CLARK      ;
457;Alessandra REYNOLDS ;
458;Adela THOMPSON      ;
459;Alie SILVA          ;
460;Allison BYRD        ;110
461;Anabel LEONARD      ;
462;Amabelle FERGUSON   ;9
463;Alisun KNIGHT       ;
464;Aloisia ELLIS       ;
465;Anastasie NELSON    ;
466;Amitie WEBB         ;
467;Alana GRAY          ;180
468;Adi GARCIA          ;
469;Anabal ROMERO       ;197
470;Alia ROSE           ;
471;Adelheid COLEMAN    ;
472;Andeee BISHOP       ;
473;Anjela CUNNINGHAM   ;
474;Addy LYONS          ;228
475;Alina BURTON        ;31
476;Abbi STEPHENS       ;
477;Alyse MILLS         ;
478;Annabela HOLLAND    ;
479;Anallese JOHNSON    ;
480;Alyss RHODES        ;
481;Aleta RILEY         ;
482;Abagail WARREN      ;
483;Aeriel MARSHALL     ;
484;Adeline CUMMINGS    ;
485;Alexina HAYES       ;
486;Ambur EDWARDS       ;5
487;Amalee WHEELER      ;
488;Ania DAY            ;
489;Ame SMITH           ;
490;Amalita ROSE        ;
491;Abbye GONZALES      ;
492;Alethea PERRY       ;
493;Andrei HINES        ;
494;Amandy HUNTER       ;
495;Adrian CHANDLER     ;
496;Amie ROBINSON       ;
497;Ania JONES          ;
498;Angelita CHAPMAN    ;
499;Aloise CARPENTER    ;
500;Afton MORRIS        ;
501;Alexis MARTIN       ;
502;Alyce GUTIERREZ     ;
503;Angelika WALTERS    ;1
504;Angelika TURNER     ;
505;Alison RHODES       ;6
506;Alverta LUCAS       ;67
507;Alissa PAGE         ;
508;Angy PIERCE         ;
509;Alexi COLE          ;
510;Alvinia GORDON      ;
511;Alys BENSON         ;
512;Agace MORRIS        ;
513;Ainslee HENRY       ;
514;Allegra HERRERA     ;
515;Ammamaria BYRD      ;
516;Alyce GUZMAN        ;
517;Allix MCCOY         ;75
518;Andria GONZALES     ;
519;Aliza PENA          ;
520;Albertine WILLIAMS  ;145
521;Alaine BURKE        ;
522;Adrianne GARRETT    ;
523;Adriaens OBRIEN     ;52
524;Abigale SIMMONS     ;
525;Allina BALDWIN      ;
526;Aigneis CHANDLER    ;
527;Addie PARKER        ;
528;Aggy GUTIERREZ      ;
529;Addia SCHULTZ       ;
530;Alys SMITH          ;
531;Adelina GIBSON      ;105
532;Adina FLEMING       ;
533;Adriana FLORES      ;12
534;Anabal CHANDLER     ;
535;Ammamaria HUNTER    ;50
536;Alejandrina SCHULTZ ;
537;Angela WELCH        ;
538;Alidia SIMMONS      ;
539;Angelika SCOTT      ;
540;Aline DANIEL        ;
541;Alfi SPENCER        ;
542;Annabell KING       ;
543;Ame BECK            ;
544;Agathe CAMPBELL     ;
545;Agna WEST           ;
546;Adelheid KELLER     ;
547;Almeta WHITE        ;207
548;Aggi HART           ;
549;Agace DOUGLAS       ;
550;Adiana CLARK        ;226
551;Alyssa WILSON       ;
552;Ambur RICE          ;
553;Allsun OLSON        ;
554;Ailene BAILEY       ;4
555;Alanah BALDWIN      ;180
556;Aggy PEREZ          ;180
557;Allys MITCHELL      ;
558;Aloisia RAMSEY      ;122
559;Adele ALEXANDER     ;148
560;Adena MUNOZ         ;
561;Allianora MURRAY    ;
562;Adelice RUSSELL     ;159
563;Adina BREWER        ;
564;Angelica CHAVEZ     ;
565;Amil CHAPMAN        ;
566;Anett WRIGHT        ;
567;Ali CURTIS          ;28
568;Ange DAVIDSON       ;
569;Alix WILSON         ;
570;Allegra MULLINS     ;
571;Alejandrina PENA    ;
572;Adina GUTIERREZ     ;
573;Andee COOPER        ;87
574;Almira HORTON       ;
575;Aloisia PEREZ       ;
576;Amberly MURPHY      ;
577;Agna HILL           ;39
578;Agnella HARVEY      ;69
579;Abigael KELLEY      ;
580;Adore PENA          ;
581;Angelita CUNNINGHAM ;
582;Agathe GREGORY      ;201
583;Adora SIMS          ;124
584;Anestassia GRAY     ;
585;Alis GRIFFITH       ;
586;Alberta KENNEDY     ;
587;Alix NEAL           ;
588;Amabel WAGNER       ;
589;Amata SCHMIDT       ;
590;Alie PHILLIPS       ;
591;Angil WEST          ;
592;Alena BURKE         ;
593;Aidan ROBINSON      ;144
594;Amelina CHANDLER    ;
595;Analiese HOWARD     ;
596;Adelina SHELTON     ;
597;Ailey THOMAS        ;
598;Abagael ORTIZ       ;
599;Adena HAWKINS       ;175
600;Alexia GONZALEZ     ;
601;Amalia KING         ;
602;Anastasia PAYNE     ;170
603;Adelina HICKS       ;
604;Anissa COOPER       ;
605;Alisun REID         ;
606;Ambur HARRIS        ;
607;Adah MILLER         ;
608;Afton MCCOY         ;
609;Agnola GARDNER      ;171
610;Aline BURNS         ;
611;Allene RUIZ         ;95
612;Adela RICHARDSON    ;
613;Alidia MILES        ;
614;Aidan MEDINA        ;
615;Alidia SIMS         ;
616;Allianora SOTO      ;
617;Alexine HALE        ;31
618;Anjela KING         ;
619;Amelia POWELL       ;
620;Abagael LITTLE      ;
621;Alexine GONZALES    ;
622;Ali MYERS           ;
623;Amelita WARREN      ;
624;Anna BUSH           ;
625;Andria SIMS         ;
626;Adara GRAVES        ;
627;Agace GARCIA        ;28
628;Angelique HINES     ;
629;Angeline SIMPSON    ;
630;Alica VAUGHN        ;9
631;Alexine WHITE       ;
632;Alica ROSE          ;
633;Aleta WILSON        ;154
634;Ame WALSH           ;
635;Ana ANDREWS         ;
636;Ainsley RAMOS       ;
637;Allys CARPENTER     ;98
638;Amii LAMBERT        ;
639;Ame NEWMAN          ;
640;Alberta HARDY       ;
641;Alfy GIBSON         ;106
642;Allie REYES         ;
643;Anette PAGE         ;
644;Andrei THOMAS       ;140
645;Alfy BARNETT        ;
646;Adaline BELL        ;
647;Alisun KELLEY       ;
648;Anastasia ROSS      ;
649;Alysa GRIFFITH      ;
650;Adelind DIXON       ;
651;Adrianna VAUGHN     ;
652;Alis HERNANDEZ      ;
653;Andi JOHNSON        ;
654;Alyse RAMIREZ       ;
655;Amitie FOSTER       ;
656;Agnese SCOTT        ;
657;Ailene TURNER       ;
658;Angelle HARRISON    ;138
659;Anjanette WEBB      ;
660;Agnes HAYNES        ;
661;Aidan BROWN         ;
662;Amelina GIBSON      ;
663;Amelie SHAW         ;80
664;Andra WEBER         ;161
665;Ag MORENO           ;
666;Amalia HAWKINS      ;46
667;Allix HOLMES        ;
668;Aidan JONES         ;35
669;Aindrea RAY         ;
670;Allie ORTIZ         ;
671;Alys HORTON         ;
672;Adara VASQUEZ       ;
673;Amie LOVE           ;14
674;Agretha RILEY       ;121
675;Ailina MARSHALL     ;
676;Alena EDWARDS       ;
677;Alfreda BAILEY      ;20
678;Ainslie MORGAN      ;184
679;Anestassia KELLEY   ;
680;Alikee BRADLEY      ;
681;Allianora WHEELER   ;
682;Allis WAGNER        ;
683;Aidan EDWARDS       ;
684;Amalea PENA         ;
685;Agretha WEST        ;
686;Anett OBRIEN        ;140
687;Adel HALE           ;128
688;Abagael MORGAN      ;
689;Allissa LYONS       ;41
690;Adrea WILSON        ;7
691;Aida NEWMAN         ;
692;Anabal OWENS        ;
693;Aggy JENSEN         ;
694;Amabelle THOMAS     ;
695;Anjanette PAYNE     ;
696;Alfy WILSON         ;54
697;Alisa BARNETT       ;
698;Alexandra SPENCER   ;
699;Alameda RHODES      ;
700;Aeriela JOHNSON     ;
701;Andie ROBERTS       ;92
702;Aili HUGHES         ;
703;Alanah STEWART      ;
704;Andy HENRY          ;
705;Abbye HARRISON      ;
706;Annadiane BUSH      ;
707;Ainsley ALEXANDER   ;150
708;Addy TUCKER         ;
709;Alejandra SANCHEZ   ;
710;Ailene CARR         ;
711;Alli ELLIS          ;
712;Alexis ALLEN        ;
713;Addie PRICE         ;138
714;Aeriell WALTERS     ;
715;Ailene BENNETT      ;50
716;Anjanette CUNNINGHAM;29
717;Alexis RHODES       ;
718;Andria CUMMINGS     ;224
719;Ami CALDWELL        ;
720;Adrian SIMPSON      ;
721;Amii RICE           ;
722;Amalee NEAL         ;
723;Allianora KELLY     ;
724;Alix POWELL         ;
725;Angelica COLLINS    ;204
726;Adore WALLACE       ;
727;Alyssa TAYLOR       ;
728;Amabel MORGAN       ;127
729;Alyss GUZMAN        ;
730;Alexandrina CHAVEZ  ;
731;Amabel BYRD         ;
732;Anallese MURPHY     ;
733;Afton CARR          ;174
734;Alisun JAMES        ;
735;Andee MUNOZ         ;
736;Adelina JENKINS     ;
737;Aime SNYDER         ;
738;Ailey KELLY         ;
739;Adel MULLINS        ;
740;Amalee BOWMAN       ;
741;Aggi HAYES          ;
742;Allis EVANS         ;
743;Adena LAWRENCE      ;
744;Agneta AUSTIN       ;
745;Adelina HARRIS      ;
746;Anallise WILLIAMSON ;34
747;Adrianna SULLIVAN   ;
748;Aeriell RAMIREZ     ;
749;Albina LYNCH        ;
750;Alexandrina LAMBERT ;
751;Alberta BARKER      ;
752;Adeline BALDWIN     ;
753;Adan HAWKINS        ;
754;Ajay GRAY           ;
755;Amanda WATKINS      ;
756;Aeriell HERRERA     ;
757;Ange GRIFFIN        ;
758;Adrianne BROOKS     ;
759;Adelaida WARREN     ;
760;Angelina DAY        ;
761;Agata DAY           ;
762;Abagael CARLSON     ;
763;Adelina MEYER       ;170
764;Alica MARTIN        ;50
765;Alvera HUDSON       ;
766;Angy WEAVER         ;
767;Amanda FLEMING      ;
768;Amalea MCDONALD     ;51
769;Agace GREGORY       ;71
770;Aidan MATTHEWS      ;
771;Anallese HARDY      ;
772;Ann ROSS            ;
773;Anabal BROOKS       ;
774;Anallese ADAMS      ;
775;Ali BECK            ;
776;Adel PENA           ;
777;Adina GARCIA        ;138
778;Adelle JENSEN       ;
779;Agata MORENO        ;33
780;Amalia MONTGOMERY   ;
781;Annabelle ROBERTS   ;
782;Angela VAUGHN       ;163
783;Ailis JACOBS        ;
784;Annabela KING       ;
785;Anestassia ROSS     ;
786;Agnes BOWMAN        ;
787;Annadiana STEPHENS  ;
788;Addy CRUZ           ;
789;Agretha SULLIVAN    ;
790;Allianora FLEMING   ;
791;Alyce NEWMAN        ;182
792;Alvinia WATKINS     ;
793;Andrei HART         ;221
794;Andra STONE         ;133
795;Ailsun HOLMES       ;
796;Amelita BOYD        ;
797;Anabal CURRY        ;
798;Aleen REYNOLDS      ;
799;Adrianne CRAIG      ;
800;Allix CASTRO        ;
801;Adan DAY            ;
802;Ailis GIBSON        ;
803;Alvinia DAVIDSON    ;
804;Alica MORENO        ;
805;Andee GONZALEZ      ;220
806;Alfy HARRISON       ;
807;Albertina CARTER    ;
808;Alta DAVIS          ;
809;Aeriel TAYLOR       ;
810;Alena LEWIS         ;
811;Alison WARD         ;226
812;Ailis WELCH         ;
813;Alysa LAWSON        ;216
814;Alvera BARRETT      ;
815;Amata STEELE        ;
816;Agnella HOWELL      ;
817;Adrianne HILL       ;
818;Almira REYNOLDS     ;
819;Alica LANE          ;
820;Alison MCCOY        ;10
821;Alexina BATES       ;
822;Allianora JENSEN    ;218
823;Ailsun BRADLEY      ;173
824;Alecia GUZMAN       ;
825;Ameline THOMAS      ;192
826;Amalea GOMEZ        ;89
827;Amelina LITTLE      ;93
828;Alexine FLEMING     ;
829;Allx BELL           ;
830;Agata CARPENTER     ;129
831;Analiese PEREZ      ;
832;Amalea FRANKLIN     ;
833;Aindrea DIXON       ;
834;Abbye MAY           ;
835;Ann-Marie BOYD      ;
836;Almeria COOK        ;
837;Agneta LYONS        ;
838;Andra MORRIS        ;119
839;Ali FERNANDEZ       ;171
840;Annadiane COLLINS   ;84
841;Alethea LYONS       ;
842;Anjanette SANDERS   ;
843;Allyce OLIVER       ;
844;Amelita CRAIG       ;
845;Allie ELLIS         ;
846;Anastasia WILLIS    ;
847;Alex MEYER          ;
848;Amalle OWENS        ;148
849;Adi MCKINNEY        ;142
850;Alexina NELSON      ;
851;Amber FOWLER        ;45
852;Almire HOPKINS      ;81
853;Ainslee MOORE       ;
854;Ainsley MITCHELL    ;84
855;Allx BURTON         ;148
856;Alethea JACKSON     ;
857;Ambur POWERS        ;
858;Adaline MARTIN      ;
859;Allx HALL           ;
860;Alayne CRAIG        ;
861;Amandi MULLINS      ;
862;Amargo MULLINS      ;
863;Annabel MUNOZ       ;120
864;Abbie PRICE         ;
865;Amelina HICKS       ;
866;Angie PORTER        ;
867;Anet HANSEN         ;229
868;Alexandrina YOUNG   ;
869;Anastassia TUCKER   ;
870;Angil FISHER        ;
871;Alyce RICE          ;
872;Adelle MULLINS      ;
873;Annabella LOPEZ     ;
874;Ailyn WEBB          ;
875;Alanna RILEY        ;
876;Adrian MILLS        ;
877;Aloisia ALEXANDER   ;
878;Amity DUNN          ;
879;Alida JONES         ;85
880;Aloise TERRY        ;
881;Aleece PHILLIPS     ;
882;Adaline BURKE       ;
883;Amye BARBER         ;
884;Ann CARR            ;
885;Abagail STEWART     ;
886;Andree GREGORY      ;
887;Aloysia CRAIG       ;
888;Annabelle BROOKS    ;
889;Agata RAMIREZ       ;
890;Aile BALDWIN        ;
891;Ami TUCKER          ;
892;Alysia GRAVES       ;
893;Adena MCCOY         ;
894;Ally PENA           ;
895;Amalia LAMBERT      ;
896;Aeriel BURTON       ;
897;Alys BANKS          ;
898;Allianora WEBB      ;
899;Angelica LYNCH      ;
900;Aile GIBSON         ;
901;Andee PARKS         ;
902;Alisa LAMBERT       ;66
903;Agatha HARRISON     ;28
904;Amitie DAY          ;179
905;Angel CARROLL       ;
906;Adele HARPER        ;
907;Aleta GARDNER       ;149
908;Adelle BAKER        ;
909;Aida PAGE           ;
910;Aloise GARRETT      ;
911;Anestassia SHELTON  ;
912;Aloisia ALVAREZ     ;
913;Aloise GOMEZ        ;
914;Alice SIMMONS       ;
915;Alexina CURRY       ;
916;Analiese NELSON     ;196
917;Ami NICHOLS         ;
918;Andi DAVIDSON       ;127
919;Agatha ELLIOTT      ;67
920;Aarika BENSON       ;
921;Ainslee MEDINA      ;
922;Aline DAVIDSON      ;
923;Ania HERRERA        ;
924;Amalia THOMPSON     ;
925;Alexine HILL        ;
926;Ailsun DAVIS        ;
927;Agnesse MUNOZ       ;
928;Amelina WATSON      ;61
929;Angelica HOLT       ;
930;Amata BUTLER        ;
931;Ami HALE            ;10
932;Ami COOPER          ;
933;Alyce MEYER         ;
934;Aliza MARSHALL      ;
935;Anabelle GRIFFITH   ;
936;Adora KIM           ;
937;Almeda TERRY        ;
938;Ag JACKSON          ;115
939;Abby WELLS          ;
940;Annabell BANKS      ;
941;Adaline DIAZ        ;
942;Alethea COOPER      ;
943;Ailsun DANIEL       ;
944;Abbi LAWSON         ;18
945;Adriaens WELLS      ;198
946;Ajay REID           ;
947;Allsun DAY          ;
948;Amalita HOWELL      ;
949;Ana LONG            ;
950;Aleen PETERSON      ;
951;Alexis BUSH         ;188
952;Ada HOFFMAN         ;
953;Amanda GRAY         ;
954;Abagail BISHOP      ;
955;Ann HENDERSON       ;
956;Anjela CASTILLO     ;
957;Alla WILSON         ;
958;Alvinia BRADLEY     ;
959;Aimee WHEELER       ;
960;Aindrea FERGUSON    ;
961;Alfi PATTERSON      ;
962;Abbey BARNES        ;
963;Amalita OWENS       ;
964;Alejandrina RODRIQUE;
965;Alma CASTILLO       ;
966;Alika CUMMINGS      ;
967;Amy MULLINS         ;
968;Alia JAMES          ;
969;Angelle ROSE        ;
970;Anabel SIMPSON      ;
971;Andee GILBERT       ;
972;Alfy CALDWELL       ;116
973;Agathe MARTIN       ;
974;Aleece VARGAS       ;38
975;Abra HOPKINS        ;
976;Ange GRANT          ;
977;Aleda SCHNEIDER     ;
978;Aeriel RAMIREZ      ;111
979;Alfie LYONS         ;
980;Amanda BURKE        ;
981;Anica LEONARD       ;
982;Adelaida NICHOLS    ;
983;Aleece COLEMAN      ;
984;Adelice PEARSON     ;
985;Aggie GRAY          ;
986;Adelle PARKER       ;
987;Alfreda REID        ;66
988;Addi GORDON         ;
989;Angil SHARP         ;76
990;Alane MUNOZ         ;
991;Allx MITCHELL       ;12
992;Alexandra CALDWELL  ;
993;Allegra MATTHEWS    ;
994;Amelina ANDREWS     ;
995;Adela SHELTON       ;
996;Ami BATES           ;133
997;Ameline KENNEDY     ;
998;Amandie ARNOLD      ;221
999;Alyda SPENCER       ;
1000;Alfy MUNOZ          ;
1001;Adeline MORRIS      ;
1002;Adan FIELDS         ;
1003;Alana PEREZ         ;
1004;Agatha BARBER       ;
1005;Allx GONZALES       ;
1006;Adelina WAGNER      ;
1007;Adore GRAY          ;42
1008;Adrianne SCHMIDT    ;
1009;Anna WATSON         ;81
1010;Ailina PARKS        ;183
1011;Aloysia HUNT        ;155
1012;Adiana MCKINNEY     ;
1013;Annabella WEBB      ;167
1014;Amy FLETCHER        ;
1015;Adina ALVAREZ       ;
1016;Annabella HUGHES    ;144
1017;Alyss MULLINS       ;64
1018;Amy DEAN            ;
1019;Adoree REID         ;
1020;Adan SANDERS        ;
1021;Alica PARKER        ;
1022;Alissa WALKER       ;
1023;Ailene RICE         ;
1024;Albina WILLIS       ;
1025;Albertine JOHNSON   ;
1026;Andy WAGNER         ;
1027;Ailee STANLEY       ;
1028;Aleen DIXON         ;
1029;Abra VASQUEZ        ;
1030;Adah BATES          ;
1031;Alisa ALVAREZ       ;
1032;Ange GRAY           ;
1033;Andie WATTS         ;
1034;Ada COLLINS         ;45
1035;Alfi JACOBS         ;
1036;Alberta PRICE       ;
1037;Adelina DAVIDSON    ;58
1038;Ania DOUGLAS        ;
1039;Andria MORALES      ;
1040;Allie FRAZIER       ;
1041;Almeria CURTIS      ;
1042;Aline FOSTER        ;
1043;Albina HARVEY       ;
1044;Annabelle BALDWIN   ;76
1045;Alexine BUSH        ;
1046;Alyson MCDANIEL     ;
1047;Alexa BARNES        ;
1048;Aggie JAMES         ;184
1049;Alejandra BOWMAN    ;
1050;Angele SILVA        ;
1051;Alicia JAMES        ;
1052;Allissa NICHOLS     ;
1053;Aleece EVANS        ;
1054;Alene SUTTON        ;
1055;Amelita BROWN       ;4
1056;Adeline HARRIS      ;
1057;Alene RYAN          ;
1058;Alanah MORALES      ;
1059;Amelina THOMAS      ;
1060;Abbey HOWELL        ;47
1061;Anjanette PIERCE    ;
1062;Ailyn DAWSON        ;
1063;Alane SUTTON        ;
1064;Adelice GARRETT     ;
1065;Angelita BARBER     ;
1066;Alicia JORDAN       ;
1067;Amalita RICHARDSON  ;186
1068;Abbi COX            ;
1069;Ainslee FIELDS      ;
1070;Alfi SUTTON         ;
1071;Andriana BELL       ;
1072;Amalea WELLS        ;
1073;Alfi LOWE           ;
1074;Anitra ADAMS        ;
1075;Allegra PEARSON     ;
1076;Aggie EDWARDS       ;
1077;Analiese HARDY      ;
1078;Alvira WATKINS      ;
1079;Addie MILES         ;
1080;Andrei SCHULTZ      ;
1081;Andee SULLIVAN      ;209
1082;Alana BOYD          ;
1083;Analiese ADAMS      ;
1084;Adey MORENO         ;
1085;Ainslie FOWLER      ;120
1086;Anet LEWIS          ;176
1087;Abbye ROMERO        ;204
1088;Anestassia HORTON   ;
1089;Alexia HOLMES       ;
1090;Almire HUGHES       ;105
1091;Allsun EVANS        ;
1092;Allegra WHITE       ;39
1093;Alexia CLARK        ;
1094;Annadiane KELLER    ;
1095;Annabal SANCHEZ     ;
1096;Allissa HENRY       ;
1097;Allison JIMENEZ     ;
1098;Ainsley REID        ;
1099;Amandy SCOTT        ;
1100;Andrei LAWSON       ;
1101;Aime PHILLIPS       ;
1102;Andriana CHAPMAN    ;22
1103;Amandi CASTRO       ;141
1104;Ailina BAILEY       ;
1105;Amandy THOMPSON     ;105
1106;Adey WATTS          ;31
1107;Aime MURPHY         ;
1108;Andeee THOMPSON     ;115
1109;Amalle HUGHES       ;
1110;Aeriell HAYNES      ;210
1111;Andromache FERNANDEZ;
1112;Anitra GUTIERREZ    ;
1113;Allianora WOLFE     ;
1114;Amalea ROBERTSON    ;
1115;Adel KING           ;144
1116;Adel TURNER         ;126
1117;Aggy ARNOLD         ;21
1118;Anderea HINES       ;
1119;Alex HOPKINS        ;
1120;Alisa DAVIDSON      ;
1121;Agnes MCDANIEL      ;66
1122;Alis PARKS          ;
1123;Alli ORTIZ          ;
1124;Angy TERRY          ;
1125;Allsun RICE         ;
1126;Amitie RAMIREZ      ;
1127;Alejandra PAGE      ;
1128;Adorne TORRES       ;
1129;Allison JACKSON     ;
1130;Amandy FIELDS       ;163
1131;Almeta CHANDLER     ;208
1132;Adeline HOWELL      ;190
1133;Adda GRAVES         ;
1134;Amata MORENO        ;
1135;Aimil ANDERSON      ;
1136;Anestassia BALL     ;
1137;Aleen ROMERO        ;
1138;Agnes BOWEN         ;118
1139;Aleda DAWSON        ;
1140;Ami MASON           ;
1141;Adda MURPHY         ;170
1142;Alia WOODS          ;
1143;Allyn PHILLIPS      ;
1144;Alysa RICHARDS      ;
1145;Alyda HERNANDEZ     ;
1146;Alli WARREN         ;
1147;Alyda ALLEN         ;130
1148;Aida HERNANDEZ      ;
1149;Allison ROSS        ;
1150;Aloysia KELLER      ;119
1151;Ajay PAYNE          ;
1152;Alyda JONES         ;
1153;Alvina DANIELS      ;
1154;Alysa PARKS         ;
1155;Annadiane HOLT      ;
1156;Amber PIERCE        ;
1157;Andriette STANLEY   ;126
1158;Ana GARDNER         ;
1159;Ajay BENNETT        ;
1160;Allys BREWER        ;
1161;Alia ORTIZ          ;
1162;Alexine MUNOZ       ;205
1163;Amalie ROBERTSON    ;47
1164;Aileen PORTER       ;
1165;Addi RODRIQUEZ      ;
1166;Alika CHAMBERS      ;
1167;Amalia NORRIS       ;
1168;Ailsun CARROLL      ;
1169;Angelica FORD       ;
1170;Alina GONZALEZ      ;
1171;Anissa RAY          ;
1172;Adrea SIMS          ;
1173;Abagael FLETCHER    ;
1174;Adeline REYES       ;
1175;Adi HUNTER          ;
1176;Alleen MONTGOMERY   ;
1177;Amata DAVIS         ;183
1178;Alameda MORRIS      ;131
1179;Adela DIAZ          ;
1180;Adrianne WELLS      ;
1181;Ann BELL            ;71
1182;Amalee KING         ;
1183;Adelind REYES       ;
1184;Aaren ARNOLD        ;
1185;Ailey BARNES        ;
1186;Alina JOHNSON       ;
1187;Anica SIMPSON       ;
1188;Aeriel CARROLL      ;
1189;Andromache MORRIS   ;
1190;Aloisia COLEMAN     ;
1191;Abra HARPER         ;
1192;Amandy JACOBS       ;103
1193;Ailene MYERS        ;
1194;Alyssa CHAMBERS     ;
1195;Ainslie WEBER       ;
1196;Andree HERRERA      ;
1197;Adey JACOBS         ;
1198;Addi STANLEY        ;
1199;Amargo GIBSON       ;
1200;Ainsley WELLS       ;
1201;Alicea CRUZ         ;
1202;Agnella NGUYEN      ;47
1203;Aleen WHEELER       ;
1204;Adaline DANIELS     ;
1205;Alecia YOUNG        ;
1206;Amabelle ALVAREZ    ;
1207;Allegra WILLIAMSON  ;
1208;Angeline RICE       ;
1209;Allsun ROMERO       ;
1210;Aleece HAMILTON     ;
1211;Alysa GONZALES      ;
1212;Ailene HARPER       ;
1213;Alyss BRYANT        ;
1214;Andy MORRIS         ;
1215;Alidia DEAN         ;
1216;Angelle PERKINS     ;
1217;Aidan HERNANDEZ     ;
1218;Ambur JOHNSTON      ;213
1219;Ainsley GARCIA      ;166
1220;Agata RICHARDS      ;18
1221;Abbie SNYDER        ;
1222;Ada ROGERS          ;
1223;Anita GILBERT       ;
1224;Adele NEWMAN        ;
1225;Abagael SIMMONS     ;
1226;Alexine PARKS       ;169
1227;Alyson CRAIG        ;
1228;Alene COLLINS       ;
1229;Adaline MENDEZ      ;
1230;Adora NICHOLS       ;
1231;Alexandra SCHNEIDER ;
1232;Andrea SCOTT        ;
1233;Angie MULLINS       ;
1234;Andrei HILL         ;63
1235;Ania HOLMES         ;
1236;Ailee BURTON        ;
1237;Aida BARRETT        ;42
1238;Alyse FLEMING       ;
1239;Anjanette SIMS      ;
1240;Alix BECK           ;
1241;Alecia HUNT         ;
1242;Amanda PALMER       ;
1243;Alethea BISHOP      ;30
1244;Allianora JACKSON   ;134
1245;Agatha CARLSON      ;
1246;Anetta THOMPSON     ;78
1247;Adriana SPENCER     ;
1248;Alleen BOYD         ;
1249;Anissa HART         ;
1250;Alyson BISHOP       ;
1251;Anabal BATES        ;46
1252;Ajay FOWLER         ;
1253;Alvera AUSTIN       ;
1254;Alyssa COLLINS      ;214
1255;Abbe CUNNINGHAM     ;
1256;Allx PAYNE          ;
1257;Alia LEONARD        ;
1258;Anissa NGUYEN       ;
1259;Andrei OWENS        ;
1260;Anissa STONE        ;
1261;Agretha REID        ;
1262;Amelia WARREN       ;
1263;Anatola JACOBS      ;
1264;Anderea MURRAY      ;85
1265;Abagael WHITE       ;
1266;Alis MORRISON       ;
1267;Anet HOWARD         ;61
1268;Adda BRADLEY        ;
1269;Andrei GORDON       ;
1270;Agnesse CHANDLER    ;34
1271;Adelaida HOLLAND    ;
1272;Alena ANDREWS       ;
1273;Anatola HUDSON      ;164
1274;Alexina JAMES       ;161
1275;Alexia MARTINEZ     ;
1276;Adriana CHAVEZ      ;
1277;Alfy ALVAREZ        ;
1278;Alice PAYNE         ;
1279;Anett TERRY         ;40
1280;Alvera RAY          ;
1281;Alysa SHELTON       ;
1282;Anabel PATTERSON    ;
1283;Alica WHITE         ;
1284;Adriaens CHANDLER   ;
1285;Ainsley TUCKER      ;151
1286;Amalia BYRD         ;199
1287;Aimil COOPER        ;
1288;Adrianna MITCHELL   ;
1289;Alexandra HAYNES    ;136
1290;Allsun ADAMS        ;135
1291;Ainslee HALE        ;5
1292;Ailyn HENDERSON     ;
1293;Alvinia WELLS       ;
1294;Alanah MCDANIEL     ;161
1295;Ailey MAY           ;
1296;Ammamaria LONG      ;
1297;Amberly DAVIDSON    ;
1298;Agatha HAWKINS      ;175
1299;Alla WATKINS        ;166
1300;Agnola HARPER       ;
1301;Aleta SUTTON        ;
1302;Agnes TUCKER        ;
1303;Alexia JENKINS      ;
1304;Amelina DAVIS       ;
1305;Alisun COX          ;
1306;Anet CHANDLER       ;180
1307;Alison HANSEN       ;
1308;Amanda BROOKS       ;
1309;Adelice LOWE        ;176
1310;Alikee ROBERTS      ;
1311;Annabela KIM        ;
1312;Anallese JENNINGS   ;
1313;Aeriela RICHARDS    ;191
1314;Aleece JOHNSTON     ;184
1315;Aleece NORRIS       ;
1316;Amabel DUNCAN       ;
1317;Ailis HARDY         ;
1318;Adina RICHARDS      ;
1319;Adena WILSON        ;
1320;Alla REYES          ;
1321;Alane KING          ;
1322;Agneta RAY          ;
1323;Allix RICHARDS      ;
1324;Allis RODRIGUEZ     ;
1325;Amargo WARREN       ;
1326;Alexina FERGUSON    ;118
1327;Anallese GARDNER    ;
1328;Amara BANKS         ;
1329;Amie MORENO         ;
1330;Analiese PEARSON    ;
1331;Alla ADAMS          ;
1332;Alis STANLEY        ;
1333;Ag BENSON           ;
1334;Adan CARPENTER      ;
1335;Amara HALL          ;199
1336;Ambur ALVAREZ       ;
1337;Adelind WADE        ;
1338;Adrienne KING       ;
1339;Almeria VARGAS      ;
1340;Alberta SIMMONS     ;148
1341;Aggie PARKS         ;
1342;Aigneis FERGUSON    ;
1343;Aime BURNS          ;
1344;Alexina LOPEZ       ;
1345;Amalie WELCH        ;
1346;Ada WOLFE           ;
1347;Anette HARPER       ;
1348;Anna-Diane MARTINEZ ;61
1349;Adelind WASHINGTON  ;
1350;Amy CASTRO          ;
1351;Amalle WRIGHT       ;164
1352;Ammamaria BELL      ;
1353;Ania DOUGLAS        ;
1354;Agnes GRAY          ;
1355;Angy MORRIS         ;
1356;Aeriell WALTERS     ;
1357;Ainsley BROOKS      ;
1358;Alisha BOWMAN       ;
1359;Annabel BURKE       ;
1360;Alikee POWERS       ;
1361;Anita BURKE         ;
1362;Amargo WILLIAMSON   ;119
1363;Alyss VASQUEZ       ;
1364;Allis CURTIS        ;
1365;Allene BARBER       ;
1366;Amye JOHNSON        ;
1367;Ailee KELLER        ;
1368;Allx FOWLER         ;
1369;Anestassia NICHOLS  ;
1370;Amalea WATTS        ;
1371;Amelia PRICE        ;
1372;Aigneis FISHER      ;178
1373;Analise RUSSELL     ;
1374;Alyson DUNN         ;
1375;Anica CRAWFORD      ;
1376;Anita LITTLE        ;
1377;Ailis TURNER        ;
1378;Annabel CALDWELL    ;
1379;Anjela LITTLE       ;181
1380;Adore HARRISON      ;29
1381;Analise HALE        ;
1382;Andriana GRAVES     ;
1383;Amie MARTIN         ;
1384;Allie SULLIVAN      ;183
1385;Alena BURTON        ;
1386;Amandi STANLEY      ;
1387;Anabal TERRY        ;
1388;Addia DIXON         ;
1389;Alison WALTERS      ;200
1390;Adaline MCCOY       ;
1391;Adelheid CHANDLER   ;
1392;Allianora JENKINS   ;
1393;Allx MENDEZ         ;162
1394;Aline HOPKINS       ;
1395;Ami ALLEN           ;
1396;Alexa COOK          ;
1397;Amber GRAHAM        ;
1398;Ame ROSS            ;
1399;Amil HANSON         ;
1400;Abigael SHARP       ;
1401;Alejandrina MULLINS ;
1402;Alexandrina JIMENEZ ;
1403;Amalea ROSS         ;
1404;Alica AUSTIN        ;
1405;Almeta GORDON       ;194
1406;Annabel RUSSELL     ;
1407;Alfi BRADLEY        ;
1408;Andrea JACOBS       ;
1409;Adore BENNETT       ;
1410;Amelina LAMBERT     ;
1411;Aggi GONZALEZ       ;
1412;Abbye STANLEY       ;17
1413;Adriana HOLT        ;215
1414;Allyson LAWSON      ;
1415;Ada OBRIEN          ;
1416;Amalle WILSON       ;63
1417;Adeline FOX         ;
1418;Alisa MILES         ;
1419;Agna CHAPMAN        ;
1420;Angelique CRAIG     ;
1421;Aggie RAMSEY        ;
1422;Alejandra HALE      ;
1423;Alisha GRAHAM       ;
1424;Angelita HOPKINS    ;
1425;Agatha BALDWIN      ;
1426;Alexis WELCH        ;
1427;Anett BAKER         ;
1428;Alexia DAY          ;44
1429;Anabelle BARRETT    ;55
1430;Almira HARRIS       ;
1431;Ange BARRETT        ;
1432;Ailee GARCIA        ;
1433;Alexandra HOLMES    ;
1434;Abbey MCDANIEL      ;
1435;Aeriela FRANKLIN    ;
1436;Amalita WHEELER     ;140
1437;Alfie WOLFE         ;203
1438;Alvera HINES        ;
1439;Aloisia PARKER      ;
1440;Anallise BUTLER     ;
1441;Aleen GORDON        ;
1442;Amalia HALE         ;
1443;Almeta LAWRENCE     ;
1444;Adelina BLACK       ;
1445;Alessandra HOWELL   ;31
1446;Adelind AUSTIN      ;
1447;Amandy WALTERS      ;
1448;Amara HORTON        ;
1449;Amandi MEYER        ;
1450;Adria BOYD          ;
1451;Andriana BALL       ;
1452;Aile TORRES         ;
1453;Angel HARDY         ;
1454;Adriaens WEBER      ;
1455;Anabal RUIZ         ;
1456;Andeee PAGE         ;
1457;Adele NEAL          ;
1458;Andria WALLACE      ;
1459;Ame MURRAY          ;
1460;Alicia REED         ;
1461;Alida BYRD          ;
1462;Angelique BENSON    ;128
1463;Alexa PIERCE        ;166
1464;Aloysia LYONS       ;149
1465;Addie MENDOZA       ;
1466;Amitie FLEMING      ;178
1467;Abigael ANDREWS     ;
1468;Alejandrina ROBERTS ;
1469;Ainslie SCHMIDT     ;
1470;Adriena RAY         ;
1471;Addie FERGUSON      ;
1472;Aggi SNYDER         ;
1473;Abbie PEREZ         ;
1474;Alisha GRANT        ;212
1475;Ania BANKS          ;
1476;Adria BISHOP        ;49
1477;Anita ELLIS         ;
1478;Alexandra MILLS     ;
1479;Amy POWELL          ;
1480;Amity JENSEN        ;
1481;Adela KELLEY        ;193
1482;Anallise HANSEN     ;101
1483;Amalee MORENO       ;
1484;Alfie GRIFFIN       ;
1485;Adriane SPENCER     ;143
1486;Anastasie DAVIS     ;
1487;Alisha PIERCE       ;
1488;Aggi NORRIS         ;
1489;Alida KELLER        ;
1490;Adelle WATSON       ;
1491;Adiana GIBSON       ;
1492;Ann-Marie LEWIS     ;
1493;Alexi WALKER        ;
1494;Alexine FLETCHER    ;220
1495;Alida HOLLAND       ;
1496;Anetta NORRIS       ;
1497;Aimee WRIGHT        ;115
1498;Anallese MARTIN     ;
1499;Allissa NEAL        ;
1500;Alfreda MORENO      ;
1501;Andi CHAMBERS       ;
1502;Adel BREWER         ;
1503;Adela HANSEN        ;
1504;Albina NELSON       ;
1505;Abbey SHELTON       ;
1506;Alexina CARPENTER   ;
1507;Agnese WELLS        ;
1508;Aidan GILBERT       ;222
1509;Alanah GEORGE       ;
1510;Amelie MORRISON     ;
1511;Alyss SULLIVAN      ;
1512;Adorne DIAZ         ;
1513;Anjanette NICHOLS   ;
1514;Abigail TAYLOR      ;
1515;Alicea HOPKINS      ;
1516;Amitie KNIGHT       ;
1517;Anna WHEELER        ;
1518;Allegra GREGORY     ;
1519;Adel HUGHES         ;
1520;Adriena HOLLAND     ;
1521;Adrienne GUTIERREZ  ;
1522;Ainslie REID        ;
1523;Almeta CASTILLO     ;
1524;Annabelle ROBERTSON ;6
1525;Anallese DUNN       ;
1526;Alisun LYNCH        ;
1527;Andrei COLE         ;
1528;Abigail KELLY       ;
1529;Alis REID           ;
1530;Adelaida AUSTIN     ;79
1531;Alissa WHEELER      ;8
1532;Agnes KNIGHT        ;
1533;Allene HICKS        ;
1534;Anabel EVANS        ;201
1535;Amber CHAMBERS      ;
1536;Adorne MYERS        ;130
1537;Anallese KELLY      ;
1538;Alex WEBER          ;
1539;Abbye TORRES        ;
1540;Alexandrina BROWN   ;
1541;Allx KELLER         ;189
1542;Afton SCHMIDT       ;
1543;Angele BARNES       ;
1544;Adara MURRAY        ;
1545;Alica DUNCAN        ;
1546;Andree RUIZ         ;
1547;Aleta RUIZ          ;
1548;Aleta BURNS         ;
1549;Adriena WEBER       ;187
1550;Ailina RAY          ;
1551;Amanda JENSEN       ;
1552;Andria CASTRO       ;
1553;Alidia BURKE        ;
1554;Allyn HALE          ;
1555;Alejandrina REID    ;
1556;Alfi CARROLL        ;
1557;Alyson MILLS        ;211
1558;Alfi ROGERS         ;91
1559;Annabal MOORE       ;
1560;Alanna BAILEY       ;66
1561;Alica MORENO        ;177
1562;Abagail NEAL        ;
1563;Adrianna LANE       ;
1564;Angie WALKER        ;
1565;Allianora ANDREWS   ;
1566;Abbie CHAVEZ        ;72
1567;Ana GUZMAN          ;
1568;Amelita MONTGOMERY  ;
1569;Adoree FOSTER       ;
1570;Alvina WATKINS      ;
1571;Althea MONTGOMERY   ;
1572;Amalea GARZA        ;
1573;Almeda CRUZ         ;
1574;Adan DUNN           ;
1575;Aeriell GRIFFIN     ;
1576;Anabelle LOPEZ      ;
1577;Abigale HILL        ;
1578;Adrianna FISHER     ;
1579;Andromache SILVA    ;
1580;Adrea HAYES         ;216
1581;Amalea COLLINS      ;
1582;Annabal ELLIOTT     ;84
1583;Almira MILES        ;
1584;Alena SCHULTZ       ;
1585;Andie MORALES       ;
1586;Ailina NEWMAN       ;
1587;Anabal HANSON       ;
1588;Amil PRICE          ;
1589;Alia KELLEY         ;202
1590;Aila HOWARD         ;109
1591;Ailyn SCHMIDT       ;
1592;Aleta LEONARD       ;
1593;Agnola BATES        ;
1594;Aleen BAILEY        ;
1595;Adi BISHOP          ;132
1596;Amanda DUNN         ;
1597;Alidia JONES        ;
1598;Ag TUCKER           ;
1599;Ambur JACKSON       ;54
1600;Abigail DAWSON      ;
1601;Adela DUNCAN        ;
1602;Alex DANIEL         ;
1603;Alana FREEMAN       ;
1604;Anastassia DAY      ;
1605;Annabelle KING      ;
1606;Amberly RAMIREZ     ;
1607;Anabal BARBER       ;
1608;Aloise HUNTER       ;
1609;Anica GREENE        ;
1610;Aida CHAPMAN        ;
1611;Allissa PARKER      ;
1612;Alina BARRETT       ;
1613;Almeria PETERSON    ;
1614;Ainsley ROSE        ;
1615;Adelheid FOX        ;28
1616;Amye ANDERSON       ;
1617;Ailyn MENDEZ        ;
1618;Annadiane GARDNER   ;
1619;Amelina GUZMAN      ;
1620;Amelita MORGAN      ;
1621;Ailey RIVERA        ;
1622;Andriana LUCAS      ;168
1623;Alvira CARR         ;
1624;Alta FULLER         ;158
1625;Aloise SHAW         ;
1626;Ailina ALVAREZ      ;
1627;Amber AUSTIN        ;
1628;Ainslee OLSON       ;
1629;Agnesse BELL        ;143
1630;Anet FLORES         ;
1631;Amelina GUZMAN      ;
1632;Allys NEAL          ;47
1633;Anita COLE          ;
1634;Almire LARSON       ;185
1635;Amandy HOWARD       ;
1636;Annadiane RAMIREZ   ;
1637;Ammamaria AUSTIN    ;
1638;Annabelle BUSH      ;
1639;Aindrea BOYD        ;
1640;Adiana MURPHY       ;
1641;Amalia HAYNES       ;
1642;Alys RIVERA         ;
1643;Adda MARTIN         ;
1644;Alfi WEST           ;
1645;Aleen RAMIREZ       ;
1646;Adena NORRIS        ;
1647;Allene ELLIOTT      ;
1648;Aileen GILBERT      ;
1649;Ambur WATKINS       ;
1650;Adel GRANT          ;
1651;Alana GORDON        ;
1652;Andrea HUNTER       ;
1653;Alameda MURRAY      ;
1654;Aggi PARKS          ;91
1655;Anet DAY            ;
1656;Amalita SCHMIDT     ;
1657;Addi JACOBS         ;196
1658;Anna-Maria MILES    ;
1659;Adorne SCHMIDT      ;
1660;Ann LOWE            ;82
1661;Angele HUNT         ;
1662;Allyce ROBINSON     ;
1663;Adrianne GOMEZ      ;66
1664;Angeline CHANDLER   ;
1665;Aggy DAVIDSON       ;
1666;Alikee JACKSON      ;
1667;Andrea MILLER       ;
1668;Agata RYAN          ;
1669;Aileen SHELTON      ;
1670;Albina SCHMIDT      ;
1671;Ambur PATTERSON     ;
1672;Anastassia LITTLE   ;
1673;Alfi LYNCH          ;
1674;Amberly HERNANDEZ   ;
1675;Agatha GRIFFITH     ;
1676;Amy GONZALES        ;
1677;Abigale DANIEL      ;
1678;Amil COX            ;161
1679;Allison FIELDS      ;190
1680;Alayne GRAY         ;
1681;Aloise SNYDER       ;
1682;Adriana HARRISON    ;
1683;Adora POWERS        ;
1684;Adriana GREGORY     ;
1685;Anette OLIVER       ;
1686;Ailene WALKER       ;158
1687;Alena GONZALEZ      ;
1688;Allene WOOD         ;208
1689;Aimil PAYNE         ;124
1690;Aimee WILSON        ;
1691;Aggy MEYER          ;
1692;Alexis EVANS        ;
1693;Andreana PETERSON   ;
1694;Alexi TUCKER        ;
1695;Anjela BOWMAN       ;
1696;Amalita BALL        ;139
1697;Amanda WOLFE        ;
1698;Adelle HENDERSON    ;
1699;Aime FRANKLIN       ;176
1700;Amy HANSEN          ;
1701;Andy FORD           ;
1702;Allina SIMPSON      ;
1703;Aleda CHANDLER      ;
1704;Aarika BARKER       ;
1705;Aleda HORTON        ;29
1706;Adrea WALLACE       ;132
1707;Anastasia POWERS    ;
1708;Amelita PAGE        ;
1709;Alys BROWN          ;90
1710;Allina WELCH        ;
1711;Adelind BUSH        ;
1712;Alfreda WEBB        ;
1713;Amalea FERGUSON     ;51
1714;Agretha FREEMAN     ;
1715;Ania PENA           ;18
1716;Adora RIVERA        ;229
1717;Anetta WEAVER       ;68
1718;Alli MONTGOMERY     ;
1719;Almira WILSON       ;
1720;Amii ROBINSON       ;
1721;Alex WATTS          ;
1722;Amargo ADAMS        ;
1723;Ada JORDAN          ;159
1724;Anallese OBRIEN     ;
1725;Almeda MEYER        ;
1726;Addie NGUYEN        ;
1727;Agatha GARDNER      ;
1728;Alverta ANDREWS     ;
1729;Aeriela WEAVER      ;
1730;Ada ROBINSON        ;
1731;Allissa CLARK       ;
1732;Adele WADE          ;
1733;Adina MENDEZ        ;
1734;Alexina FRAZIER     ;95
1735;Alice WOODS         ;
1736;Aile HARVEY         ;
1737;Alexis PERRY        ;
1738;Adelaida PAYNE      ;
1739;Alison SOTO         ;167
1740;Alie SPENCER        ;
1741;Alys DAY            ;
1742;Allsun GRIFFIN      ;
1743;Alanna ALEXANDER    ;
1744;Aeriel BISHOP       ;
1745;Almire WRIGHT       ;
1746;Allie FERNANDEZ     ;
1747;Anet JENKINS        ;38
1748;Alverta MILES       ;195
1749;Anabel STEPHENS     ;
1750;Aidan RHODES        ;
1751;Alyson BOWMAN       ;
1752;Adela ANDERSON      ;
1753;Alyson WILSON       ;
1754;Aline GARRETT       ;32
1755;Annabela LOWE       ;
1756;Amy HALL            ;14
1757;Alysia GARCIA       ;
1758;Allx GIBSON         ;103
1759;Adah RODRIQUEZ      ;119
1760;Alverta STEWART     ;
1761;Analiese KNIGHT     ;
1762;Ameline RODRIQUEZ   ;49
1763;Agna SMITH          ;
1764;Adi MCCOY           ;
1765;Alta VAUGHN         ;
1766;Amandi MCDANIEL     ;
1767;Amargo ELLIOTT      ;
1768;Anjanette GRIFFIN   ;
1769;Amalia MCCOY        ;213
1770;Ania WILLIS         ;
1771;Amelia MCDONALD     ;
1772;Abby ROBERTSON      ;
1773;Angie SANTIAGO      ;
1774;Anallise DIXON      ;
1775;Adriana PORTER      ;175
1776;Agnes CURTIS        ;
1777;Alyda EDWARDS       ;214
1778;Alfreda GARZA       ;
1779;Adriane KELLER      ;
1780;Amandi OLIVER       ;
1781;Ame JACKSON         ;
1782;Adriane NORRIS      ;
1783;Angel MUNOZ         ;
1784;Allys HUDSON        ;
1785;Adena MARTINEZ      ;31
1786;Alla BOYD           ;
1787;Adore SIMMONS       ;
1788;Aida ADAMS          ;
1789;Alverta BUSH        ;
1790;Alysia WALSH        ;
1791;Albina REED         ;73
1792;Amandy WAGNER       ;97
1793;Angie LOPEZ         ;
1794;Adorne YOUNG        ;
1795;Ailsun BARRETT      ;
1796;Ailis MILES         ;
1797;Aeriel SMITH        ;162
1798;Abbe NEWMAN         ;
1799;Alyss LOPEZ         ;
1800;Alfy JACOBS         ;
1801;Aggi SPENCER        ;
1802;Amii BRYANT         ;
1803;Alfi GRAY           ;211
1804;Alma MORRIS         ;
1805;Anett GRAHAM        ;
1806;Allianora FULLER    ;
1807;Adrea BROOKS        ;
1808;Almira BAILEY       ;
1809;Alyss LYONS         ;
1810;Angela JORDAN       ;
1811;Ameline SILVA       ;
1812;Adora ORTIZ         ;
1813;Alaine BARKER       ;
1814;Anallise BOYD       ;
1815;Annabela WOLFE      ;
1816;Anderea DANIEL      ;96
1817;Alleen LEONARD      ;
1818;Alyse RICE          ;224
1819;Anabella KELLEY     ;
1820;Adela BECK          ;146
1821;Adiana RYAN         ;86
1822;Alexi MCKINNEY      ;
1823;Adriaens PHILLIPS   ;
1824;Alleen FULLER       ;
1825;Alisun WASHINGTON   ;
1826;Analiese CHAVEZ     ;42
1827;Aime THOMAS         ;218
1828;Andy HUNTER         ;
1829;Aida CASTILLO       ;
1830;Aigneis PATTERSON   ;
1831;Angy LEWIS          ;222
1832;Ainslie KELLY       ;50
1833;Anette ALEXANDER    ;
1834;Amity JENSEN        ;
1835;Aggy COX            ;
1836;Aleece NICHOLS      ;
1837;Agathe EVANS        ;
1838;Adelice BAILEY      ;
1839;Aigneis ROSS        ;
1840;Alta RYAN           ;
1841;Afton HILL          ;
1842;Annadiane FIELDS    ;
1843;Allina LARSON       ;
1844;Amalle JENSEN       ;
1845;Alie ARMSTRONG      ;
1846;Agneta LUCAS        ;
1847;Agnola WOLFE        ;
1848;Alene PRICE         ;
1849;Aleta ALVAREZ       ;
1850;Amelina LEE         ;
1851;Aeriela COOK        ;
1852;Angela MORGAN       ;
1853;Angelique RILEY     ;
1854;Amy WHEELER         ;
1855;Alexi WATTS         ;
1856;Amberly FLETCHER    ;
1857;Abagael HARDY       ;
1858;Anett POWELL        ;
1859;Aigneis FOWLER      ;
1860;Alisun CRUZ         ;
1861;Abagael MEDINA      ;
1862;Ania BREWER         ;88
1863;Alysa DEAN          ;
1864;Alane WEBB          ;
1865;Abbey NELSON        ;
1866;Anna-Maria ELLIS    ;
1867;Alysa SPENCER       ;
1868;Alayne GORDON       ;
1869;Angelica MOORE      ;
1870;Alejandra DIXON     ;
1871;Annabel KNIGHT      ;
1872;Alleen WATSON       ;
1873;Amanda GRIFFIN      ;89
1874;Ange PETERSON       ;183
1875;Alisun REED         ;
1876;Ailey OLIVER        ;66
1877;Amabelle ROBINSON   ;
1878;Ann LOWE            ;106
1879;Allis FOX           ;
1880;Adelina WRIGHT      ;
1881;Amber DAWSON        ;
1882;Ann-Marie SILVA     ;
1883;Abbi DUNN           ;
1884;Ambur ORTIZ         ;
1885;Adaline SCOTT       ;
1886;Andee RICHARDS      ;
1887;Ameline COX         ;
1888;Angelika BURTON     ;
1889;Adoree DANIELS      ;
1890;Alayne RUSSELL      ;
1891;Alvera LANE         ;
1892;Andi WASHINGTON     ;
1893;Adelice OLIVER      ;
1894;Amargo PARKS        ;
1895;Almeta MAY          ;
1896;Aliza LARSON        ;
1897;Abby ROSS           ;
1898;Aime WOODS          ;
1899;Abbe RYAN           ;
1900;Abbye SMITH         ;
1901;Alysa GRIFFIN       ;
1902;Allianora MASON     ;
1903;Alma HUNT           ;
1904;Ailina JENNINGS     ;
1905;Amandie HERRERA     ;
1906;Adelina FRAZIER     ;
1907;Anderea GONZALEZ    ;
1908;Adria PEREZ         ;166
1909;Anjela WILSON       ;
1910;Agnella NEWMAN      ;
1911;Aleda JENSEN        ;
1912;Alyson BANKS        ;
1913;Amata COX           ;
1914;Almire WELCH        ;52
1915;Almira HAYES        ;
1916;Albina SHARP        ;
1917;Adela NORRIS        ;
1918;Alie MARTIN         ;38
1919;Anabel BISHOP       ;36
1920;Agathe CRUZ         ;172
1921;Alison DIXON        ;216
1922;Alexandrina GORDON  ;
1923;Alysa GRANT         ;
1924;Alameda HARPER      ;
1925;Aloise LUCAS        ;
1926;Analise HART        ;173
1927;Ann-Marie NORRIS    ;
1928;Amelina HARRISON    ;
1929;Anette WILLIS       ;
1930;Abbie HAMILTON      ;
1931;Andrei WALSH        ;
1932;Alexi LAWSON        ;
1933;Amaleta MITCHELL    ;95
1934;Adore HOLMES        ;91
1935;Andriana HAYNES     ;
1936;Aili HOWARD         ;
1937;Allyson DANIEL      ;
1938;Ailene MCDONALD     ;
1939;Angelita WALLACE    ;
1940;Aggy RAY            ;213
1941;Angelle WEAVER      ;
1942;Adelheid REED       ;
1943;Ame HARVEY          ;
1944;Agnes DEAN          ;
1945;Aggy PENA           ;193
1946;Adella BROOKS       ;
1947;Aeriela RODRIQUEZ   ;53
1948;Annadiana CLARK     ;
1949;Amalee TERRY        ;159
1950;Angelia COOPER      ;
1951;Anastasia HANSON    ;
1952;Anatola KENNEDY     ;
1953;Amber MORRISON      ;
1954;Annabal HAYNES      ;
1955;Alameda VASQUEZ     ;164
1956;Annadiana DAY       ;
1957;Ana LUCAS           ;
1958;Alexandrina BALDWIN ;
1959;Adelle YOUNG        ;
1960;Adore TORRES        ;
1961;Abby DIXON          ;
1962;Angelique HILL      ;
1963;Adda WEAVER         ;
1964;Alfy CRUZ           ;
1965;Adriena CHANDLER    ;
1966;Anallise CURTIS     ;
1967;Amelia ALEXANDER    ;
1968;Aile GREEN          ;
1969;Angeline FOX        ;
1970;Alaine MENDOZA      ;
1971;Adelaida MORGAN     ;
1972;Adrea HICKS         ;42
1973;Adan RILEY          ;
1974;Alicea FIELDS       ;
1975;Amii DAVIDSON       ;
1976;Aila PETERSON       ;
1977;Anabal HOFFMAN      ;
1978;Abby HUNTER         ;
1979;Abby WOODS          ;
1980;Abby RILEY          ;
1981;Alaine SANCHEZ      ;
1982;Agatha HANSEN       ;
1983;Agata FORD          ;2
1984;Anett HUDSON        ;
1985;Amity GREEN         ;
1986;Angelina CARLSON    ;
1987;Alessandra MEYER    ;
1988;Aaren COX           ;
1989;Ann SANCHEZ         ;
1990;Aleda PARKER        ;115
1991;Alissa WEBB         ;
1992;Aeriell FLEMING     ;
1993;Abagail JOHNSTON    ;
1994;Aigneis BAILEY      ;
1995;Anabal MAY          ;215
1996;Alexa SCHNEIDER     ;
1997;Ann HUGHES          ;
1998;Adele BURNS         ;
1999;Adriaens MORRISON   ;
2000;Alison FREEMAN      ;
2001;Angel KELLEY        ;
2002;Anabal MAY          ;
2003;Angelle VASQUEZ     ;
2004;Adeline BRYANT      ;
2005;Anastassia PAYNE    ;
2006;Alverta GONZALEZ    ;4
2007;Andra CASTRO        ;
2008;Andeee STEVENS      ;
2009;Alisa SHELTON       ;
2010;Addia CARR          ;
2011;Allissa AUSTIN      ;
2012;Almeria KING        ;
2013;Adelind CARROLL     ;
2014;Alysa THOMPSON      ;
2015;Andromache MULLINS  ;183
2016;Allyce MENDOZA      ;
2017;Alma WHITE          ;
2018;Angela HICKS        ;
2019;Analiese WELLS      ;
2020;Albertine COLE      ;184
2021;Adoree ROGERS       ;
2022;Amalea RICE         ;
2023;Agnese CHANDLER     ;
2024;Alleen OLIVER       ;90
2025;Ammamaria GUZMAN    ;172
2026;Alanna STEELE       ;
2027;Agathe RILEY        ;
2028;Amargo SPENCER      ;
2029;Agnes NGUYEN        ;89
2030;Alexa HAWKINS       ;
2031;Amelita SANTIAGO    ;
2032;Aggy GARZA          ;
2033;Alina MOORE         ;
2034;Ada KING            ;
2035;Amabelle BISHOP     ;227
2036;Annadiane BATES     ;
2037;Anna-Maria ANDREWS  ;24
2038;Alberta MITCHELL    ;
2039;Ania SUTTON         ;
2040;Anet CURRY          ;
2041;Alida WALTERS       ;
2042;Aleda SCHULTZ       ;
2043;Addie GRANT         ;
2044;Amii CARTER         ;
2045;Adara CARROLL       ;
2046;Alicia SHAW         ;159
2047;Alane MYERS         ;
2048;Alyce HOPKINS       ;
2049;Adelice HUNT        ;
2050;Alyce BARRETT       ;
2051;Ally MARTIN         ;164
2052;Aimee PAYNE         ;
2053;Andeee NGUYEN       ;
2054;Alica SHELTON       ;
2055;Amandi KENNEDY      ;
2056;Anet LUCAS          ;
2057;Anestassia CASTILLO ;
2058;Alexandrina SIMPSON ;
2059;Agneta HOFFMAN      ;
2060;Amabel STEPHENS     ;177
2061;Alexia GONZALES     ;
2062;Alvinia BATES       ;62
2063;Alessandra KELLER   ;
2064;Addie CRAWFORD      ;167
2065;Anissa REYNOLDS     ;
2066;Anatola LUCAS       ;
2067;Annabell GREENE     ;
2068;Anna-Diane HUGHES   ;
2069;Allix BOWMAN        ;49
2070;Ailina CHAPMAN      ;
2071;Aleda HARRIS        ;
2072;Ali FOX             ;
2073;Angelica PAYNE      ;
2074;Anabella THOMPSON   ;
2075;Ailee ELLIS         ;
2076;Amaleta DAVIDSON    ;30
2077;Abbe FISHER         ;
2078;Angil LEE           ;
2079;Adriena FERGUSON    ;114
2080;Alia MASON          ;
2081;Abagael HENRY       ;
2082;Allissa LITTLE      ;19
2083;Ag PERKINS          ;
2084;Aliza MEYER         ;
2085;Allix MORENO        ;
2086;Annabella BENSON    ;
2087;Ann-Marie RAMSEY    ;
2088;Angelika MYERS      ;
2089;Abra HOFFMAN        ;
2090;Almire WATTS        ;210
2091;Ameline CURRY       ;165
2092;Adore NELSON        ;
2093;Amandi DEAN         ;
2094;Ami FLETCHER        ;
2095;Allene COLE         ;
2096;Adrea MATTHEWS      ;
2097;Angelique GREGORY   ;
2098;Allina RICE         ;
2099;Alexina PETERS      ;176
2100;Alika WILLIAMS      ;
2101;Anna-Maria HARDY    ;
2102;Adriena LUCAS       ;
2103;Adrianne SHELTON    ;
2104;Adelina CHAMBERS    ;226
2105;Allene WRIGHT       ;
2106;Angela AUSTIN       ;
2107;Alta KELLER         ;
2108;Aleda JIMENEZ       ;133
2109;Alta BARNETT        ;
2110;Almeria MUNOZ       ;
2111;Alvinia JONES       ;
2112;Amye HOFFMAN        ;
2113;Allix WEST          ;
2114;Adella RAMIREZ      ;
2115;Alvira KELLY        ;
2116;Andi SANCHEZ        ;
2117;Ame DAVIDSON        ;138
2118;Adey VAUGHN         ;
2119;Andeee CUMMINGS     ;
2120;Alisun ROMERO       ;
2121;Angeline NEAL       ;
2122;Alexa FERNANDEZ     ;
2123;Angelle REYES       ;
2124;Anallese SHAW       ;
2125;Adi CARR            ;
2126;Angele GARCIA       ;
2127;Ann-Marie LITTLE    ;
2128;Anetta DOUGLAS      ;2
2129;Abbey ADAMS         ;
2130;Anallise TORRES     ;
2131;Alikee WALSH        ;
2132;Adorne TERRY        ;
2133;Abra SULLIVAN       ;
2134;Abby WALTERS        ;
2135;Amalie PAYNE        ;205
2136;Alverta ROBERTS     ;
2137;Amalita TUCKER      ;
2138;Aili WALTERS        ;8
2139;Amber WELCH         ;
2140;Anetta WALKER       ;
2141;Ann PERRY           ;118
2142;Angelique DUNCAN    ;
2143;Alvera GARZA        ;
2144;Alis HAWKINS        ;
2145;Addy FLORES         ;
2146;Alina CARLSON       ;
2147;Annabela WILLIAMSON ;
2148;Alayne BARNES       ;
2149;Alvira LOVE         ;
2150;Adara MENDOZA       ;
2151;Anna-Maria JOHNSON  ;
2152;Aileen STEVENS      ;
2153;Angelita BUSH       ;
2154;Allyson LOWE        ;
2155;Adel LEWIS          ;
2156;Aida LEONARD        ;
2157;Andi GUTIERREZ      ;
2158;Angelica MCDANIEL   ;
2159;Adina HALE          ;
2160;Agnella CUNNINGHAM  ;
2161;Ada LOVE            ;
2162;Agathe RILEY        ;
2163;Alyse WOLFE         ;
2164;Agathe MORGAN       ;
2165;Alexia MORENO       ;
2166;Agneta BECK         ;
2167;Andriette COLEMAN   ;
2168;Adria SOTO          ;
2169;Andy KELLY          ;
2170;Albertina BARKER    ;
2171;Alysa WATSON        ;
2172;Abagael COOPER      ;
2173;Anica SMITH         ;
2174;Annabelle CRAIG     ;22
2175;Anica WEAVER        ;
2176;Amalia WEBER        ;
2177;Adriena CARROLL     ;
2178;Adelina HAYNES      ;
2179;Anabelle GRAY       ;44
2180;Aida PARKER         ;
2181;Alfi HAYNES         ;
2182;Aliza BROWN         ;
2183;Andra STANLEY       ;
2184;Alexina JONES       ;
2185;Allyn GRAY          ;119
2186;Anett EVANS         ;
2187;Aeriela HENDERSON   ;193
2188;Alethea HARPER      ;
2189;Ann-Marie PERRY     ;
2190;Adda NICHOLS        ;
2191;Alyson HANSON       ;
2192;Alicea FLORES       ;
2193;Adara PETERSON      ;
2194;Adeline WILLIAMS    ;
2195;Anabella HARDY      ;
2196;Adiana HANSON       ;
2197;Angela SULLIVAN     ;
2198;Alli CUMMINGS       ;
2199;Alia FORD           ;
2200;Aaren WILLIAMS      ;144
2201;Abra BOYD           ;
2202;Angelica CRUZ       ;
2203;Amabelle ALLEN      ;
2204;Aloise ANDERSON     ;
2205;Adela HUNT          ;
2206;Adriana BERRY       ;
2207;Angy REYNOLDS       ;
2208;Ali RHODES          ;
2209;Amii PARKER         ;111
2210;Adriana GORDON      ;
2211;Angela DOUGLAS      ;
2212;Alie GRIFFITH       ;
2213;Adrienne WALSH      ;
2214;Aindrea ELLIOTT     ;
2215;Almeda SANCHEZ      ;
2216;Annadiana PERRY     ;
2217;Aeriell MURRAY      ;
2218;Anallese REYNOLDS   ;
2219;Alfi BERRY          ;195
2220;Alameda MARSHALL    ;
2221;Amye VARGAS         ;
2222;Aimil CASTRO        ;227
2223;Alisa MULLINS       ;
2224;Adore ORTIZ         ;147
2225;Afton THOMAS        ;
2226;Angelle DIAZ        ;
2227;Amye PAYNE          ;
2228;Annadiane BURNS     ;
2229;Alvira SANDERS      ;
2230;Ally GREGORY        ;
2231;Andeee WEBB         ;
2232;Ailyn ROMERO        ;
2233;Allsun HENRY        ;
2234;Adria FLETCHER      ;
2235;Agathe SANTIAGO     ;
2236;Agneta WEBER        ;
2237;Aggy FRAZIER        ;
2238;Allis BOWMAN        ;
2239;Andria LAWRENCE     ;
2240;Aloysia PETERS      ;
2241;Adele FERGUSON      ;
2242;Addia JOHNSTON      ;
2243;Anallese WADE       ;
2244;Analise SIMMONS     ;
2245;Alys HOFFMAN        ;77
2246;Alethea HANSEN      ;
2247;Angele HAYES        ;
2248;Angeline DANIEL     ;
2249;Andeee CASTRO       ;
2250;Aidan NGUYEN        ;
2251;Angele HINES        ;55
2252;Alyse SHARP         ;
2253;Aile FISHER         ;82
2254;Abbye ROSE          ;31
2255;Ailee BALL          ;
2256;Althea MORRISON     ;
2257;Adore CUNNINGHAM    ;84
2258;Alisha DAWSON       ;
2259;Adara BENNETT       ;
2260;Alia HOWARD         ;85
2261;Amity HUGHES        ;
2262;Andriette BRADLEY   ;
2263;Adriena LEE         ;
2264;Abbie SILVA         ;
2265;Amalle ALEXANDER    ;
2266;Alyda GILBERT       ;
2267;Angil ALLEN         ;192
2268;Ali HENRY           ;
2269;Althea CAMPBELL     ;
2270;Ailina MCDONALD     ;
2271;Ailene LYNCH        ;
2272;Addia NGUYEN        ;
2273;Alexandra JOHNSTON  ;
2274;Agretha DIAZ        ;
2275;Aggi WELLS          ;
2276;Alayne DANIELS      ;110
2277;Anabal HARRIS       ;
2278;Amelina FORD        ;138
2279;Aloysia HALE        ;127
2280;Allianora WRIGHT    ;192
2281;Anabel PALMER       ;
2282;Annadiana FRANKLIN  ;
2283;Alison WASHINGTON   ;
2284;Agathe CRUZ         ;9
2285;Aleen CUMMINGS      ;13
2286;Aggi PERKINS        ;
2287;Anet SMITH          ;
2288;Alexis HARRISON     ;
2289;Adel HARPER         ;19
2290;Analiese REYES      ;
2291;Allegra BLACK       ;
2292;Agnese GARRETT      ;
2293;Anjanette JACOBS    ;
2294;Alejandrina MENDEZ  ;
2295;Alameda PENA        ;
2296;Agneta CASTILLO     ;
2297;Aeriela ROMERO      ;154
2298;Anna-Diana DIXON    ;164
2299;Abbey RILEY         ;
2300;Amelia CRAIG        ;74
2301;Adda LEE            ;220
2302;Ailey TORRES        ;
2303;Alica MORRISON      ;
2304;Adda DUNN           ;
2305;Alyse RODRIQUEZ     ;
2306;Angie GOMEZ         ;
2307;Amalie HINES        ;
2308;Agata BLACK         ;
2309;Ameline BURNS       ;
2310;Amelina MARTIN      ;188
2311;Anastasie PERKINS   ;
2312;Adelle HUGHES       ;
2313;Annabell HERNANDEZ  ;25
2314;Abbey GRAY          ;
2315;Abbey ROMERO        ;
2316;Alla BELL           ;
2317;Alexina MASON       ;
2318;Alysia PARKS        ;
2319;Anestassia JAMES    ;
2320;Adelle CALDWELL     ;
2321;Ainsley PARKS       ;100
2322;Albina HOLMES       ;
2323;Amalia GIBSON       ;
2324;Almeria BARNES      ;
2325;Alleen THOMPSON     ;109
2326;Andeee BATES        ;69
2327;Addy CARPENTER      ;
2328;Alma GORDON         ;
2329;Amelie BYRD         ;
2330;Alfreda MORGAN      ;
2331;Alis ROBERTS        ;
2332;Abbie DUNN          ;
2333;Adoree HENDERSON    ;107
2334;Anjela RICHARDS     ;
2335;Aeriell VAUGHN      ;
2336;Amber FLORES        ;108
2337;Adelind SCOTT       ;
2338;Abbey MATTHEWS      ;
2339;Adeline BATES       ;
2340;Alma NEAL           ;
2341;Aline ALVAREZ       ;
2342;Agathe RAMOS        ;
2343;Aleta JAMES         ;
2344;Amargo COOK         ;
2345;Angelita COLE       ;223
2346;Alayne HART         ;
2347;Abra CHANDLER       ;
2348;Amanda HUNTER       ;
2349;Alane ROBERTSON     ;
2350;Alica WILLIAMSON    ;
2351;Amalita CARTER      ;
2352;Alisun LAWRENCE     ;
2353;Alisha PRICE        ;
2354;Annadiana MILES     ;
2355;Aili KNIGHT         ;
2356;Alanah SCHNEIDER    ;
2357;Anabal DEAN         ;
2358;Annadiane STEELE    ;120
2359;Amalia HARRISON     ;
2360;Alexi BYRD          ;
2361;Adrea STONE         ;
2362;Albertine WALLACE   ;
2363;Angelia MUNOZ       ;
2364;Amalee LUCAS        ;
2365;Amy SANCHEZ         ;
2366;Afton LUCAS         ;
2367;Alexis RODRIGUEZ    ;91
2368;Alvera LEONARD      ;86
2369;Alverta SHAW        ;
2370;Allianora ORTIZ     ;
2371;Allissa NICHOLS     ;
2372;Amitie PEARSON      ;
2373;Alfi FISHER         ;
2374;Amber SILVA         ;
2375;Allissa GREENE      ;
2376;Adeline ALVAREZ     ;163
2377;Alidia ROBERTS      ;
2378;Adorne KIM          ;
2379;Ailis BARNETT       ;
2380;Allina HORTON       ;
2381;Aloisia JACKSON     ;
2382;Adrea CARROLL       ;
2383;Aimee WATTS         ;
2384;Andrei GREENE       ;
2385;Alma RHODES         ;
2386;Amabelle WEAVER     ;
2387;Alverta WHEELER     ;
2388;Amabelle WHEELER    ;
2389;Abbe SMITH          ;
2390;Adrea WHEELER       ;206
2391;Alex ROBINSON       ;
2392;Alyda COX           ;
2393;Ameline WEBER       ;
2394;Almeda PATTERSON    ;
2395;Abigail WRIGHT      ;
2396;Amandi THOMAS       ;
2397;Alaine HUGHES       ;
2398;Adiana HENRY        ;
2399;Amanda CRUZ         ;
2400;Agnella PARKS       ;
2401;Angelle LONG        ;
2402;Abagail FOWLER      ;
2403;Ameline CURRY       ;
2404;Alyda BOWMAN        ;
2405;Addy WALLACE        ;
2406;Alis CRUZ           ;136
2407;Anna-Maria WHITE    ;
2408;Agretha FRANKLIN    ;
2409;Alfy COX            ;
2410;Annabella ROBERTSON ;
2411;Andriette DUNCAN    ;
2412;Aggi ALLEN          ;
2413;Adda WRIGHT         ;
2414;Angelle FOSTER      ;
2415;Adelice CHAMBERS    ;
2416;Andra MULLINS       ;
2417;Adrian SHELTON      ;
2418;Amabel HART         ;
2419;Adrea PARKS         ;
2420;Aleta HARVEY        ;
2421;Alene PEARSON       ;158
2422;Amberly HARRIS      ;47
2423;Alena PARKER        ;54
2424;Amelia GUZMAN       ;104
2425;Anetta DAWSON       ;
2426;Amelia KENNEDY      ;
2427;Alika VASQUEZ       ;
2428;Ana SPENCER         ;36
2429;Andra HOLMES        ;
2430;Adella TORRES       ;
2431;Ainslee ADAMS       ;
2432;Agathe WEBER        ;
2433;Afton DAWSON        ;
2434;Aloise NICHOLS      ;
2435;Analiese LANE       ;112
2436;Alecia MUNOZ        ;
2437;Alberta SCHMIDT     ;
2438;Amalie CASTRO       ;
2439;Ambur HUGHES        ;
2440;Allix MENDEZ        ;
2441;Ameline GRANT       ;
2442;Allsun JOHNSTON     ;
2443;Almire RICHARDS     ;
2444;Agneta HAWKINS      ;
2445;Alexi MILLER        ;
2446;Anica RYAN          ;
2447;Anica FRANKLIN      ;88
2448;Aeriel CRAIG        ;
2449;Adey WALLACE        ;97
2450;Anitra MEDINA       ;
2451;Adina CRUZ          ;
2452;Ameline EVANS       ;
2453;Allyn FOWLER        ;
2454;Almeta SCHNEIDER    ;
2455;Anallise STEWART    ;
2456;Adelle BOYD         ;
2457;Adrienne HUNTER     ;
2458;Aila BREWER         ;
2459;Angelika THOMPSON   ;226
2460;Aleda GUTIERREZ     ;105
2461;Adele PETERSON      ;
2462;Ailey SPENCER       ;
2463;Anderea FORD        ;
2464;Anitra MEYER        ;
2465;Alice CHANDLER      ;
2466;Alie ROBINSON       ;
2467;Andi FLETCHER       ;
2468;Anabelle TAYLOR     ;
2469;Ania MORGAN         ;168
2470;Amabel PHILLIPS     ;
2471;Anna CUNNINGHAM     ;
2472;Adriane GREGORY     ;55
2473;Adele WILLIAMSON    ;
2474;Amaleta NEAL        ;
2475;Adrian ELLIS        ;
2476;Adiana CUMMINGS     ;
2477;Adriane WALKER      ;
2478;Adella NELSON       ;
2479;Amalee SIMS         ;
2480;Amargo WALLACE      ;
2481;Almira COOPER       ;156
2482;Aindrea STONE       ;155
2483;Anna-Diane MORALES  ;
2484;Alex NORRIS         ;
2485;Aeriell BATES       ;
2486;Anette BALDWIN      ;
2487;Anabal WAGNER       ;
2488;Agnes LOWE          ;
2489;Adena ELLIOTT       ;74
2490;Alyssa CURRY        ;55
2491;Alvinia WOODS       ;
2492;Alameda RIVERA      ;
2493;Alvira MULLINS      ;
2494;Althea KENNEDY      ;
2495;Alysia BRYANT       ;
2496;Andra SANTIAGO      ;
2497;Aleda GARDNER       ;
2498;Aida GILBERT        ;
2499;Anna-Maria SHAW     ;
